{
    "a": -0.10177053511142731,
    "b": 0.6085936427116394
}