{
  "best_epoch": 14,
  "best_val_loss": 0.6674377918243408,
  "base_rate": {
    "val": 0.6183206106870229,
    "test": 0.5454545454545454
  },
  "classification_report": {
    "val": {
      "0": {
        "precision": 0.6538461538461539,
        "recall": 0.17,
        "f1-score": 0.2698412698412698,
        "support": 100.0
      },
      "1": {
        "precision": 0.6483050847457628,
        "recall": 0.9444444444444444,
        "f1-score": 0.7688442211055276,
        "support": 162.0
      },
      "accuracy": 0.648854961832061,
      "macro avg": {
        "precision": 0.6510756192959584,
        "recall": 0.5572222222222222,
        "f1-score": 0.5193427454733988,
        "support": 262.0
      },
      "weighted avg": {
        "precision": 0.650419996616141,
        "recall": 0.648854961832061,
        "f1-score": 0.5783850794016124,
        "support": 262.0
      }
    },
    "test": {
      "0": {
        "precision": 0.4297520661157025,
        "recall": 0.43333333333333335,
        "f1-score": 0.4315352697095436,
        "support": 120.0
      },
      "1": {
        "precision": 0.5244755244755245,
        "recall": 0.5208333333333334,
        "f1-score": 0.5226480836236934,
        "support": 144.0
      },
      "accuracy": 0.4810606060606061,
      "macro avg": {
        "precision": 0.4771137952956135,
        "recall": 0.47708333333333336,
        "f1-score": 0.4770916766666185,
        "support": 264.0
      },
      "weighted avg": {
        "precision": 0.48141940703924174,
        "recall": 0.4810606060606061,
        "f1-score": 0.48123316820817075,
        "support": 264.0
      }
    }
  },
  "threshold_diagnostics": {
    "val": {
      "best_f1": {
        "threshold": 0.519473671913147,
        "precision": 0.6711111111111111,
        "recall": 0.9320987654320988,
        "f1": 0.7803617522384473
      },
      "max_precision_at_recall_1": {
        "threshold": 0.5895544290542603,
        "precision": 0.9076923076923077,
        "recall": 0.36419753086419754
      },
      "max_precision_at_recall_2": {
        "threshold": 0.5624737739562988,
        "precision": 0.6862745098039216,
        "recall": 0.6481481481481481
      }
    },
    "test": {
      "best_f1": {
        "threshold": 0.392114520072937,
        "precision": 0.5437262357414449,
        "recall": 0.9930555555555556,
        "f1": 0.7027026981301427
      },
      "max_precision_at_recall_1": {
        "threshold": 0.5209789276123047,
        "precision": 0.573170731707317,
        "recall": 0.3263888888888889
      },
      "max_precision_at_recall_2": {
        "threshold": 0.4887945353984833,
        "precision": 0.5672514619883041,
        "recall": 0.6736111111111112
      }
    }
  }
}